,Organism
0,Abies grandis
1,Abrus precatorius
2,Acanthamoeba castellanii
3,Acanthamoeba polyphaga
4,Acaryochloris marina
5,Acetoanaerobium sticklandii
6,Acetobacter aceti
7,Acetobacter pasteurianus
8,Acetobacterium woodii
9,Acholeplasma laidlawii
10,Achromobacter cycloclastes
11,Achromobacter denitrificans
12,Achromobacter lyticus
13,Achromobacter obae
14,Achromobacter xylosoxidans
15,Acidaminococcus fermentans
16,Acidianus ambivalens
17,Acidianus sp.
18,Acidilobus saccharovorans
19,Acidithiobacillus caldus
20,Acidithiobacillus ferrooxidans
21,Acidithiobacillus thiooxidans
22,Acidobacterium capsulatum
23,Acidomyces acidophilus
24,Acidothermus cellulolyticus
25,Acidovorax sp.
26,Acinetobacter baumannii
27,Acinetobacter baylyi
28,Acinetobacter calcoaceticus
29,Acinetobacter glutaminasificans
30,Acinetobacter haemolyticus
31,Acinetobacter johnsonii
32,Acinetobacter radioresistens
33,Acinetobacter sp.
34,Acremonium chrysogenum
35,Acropora millepora
36,Actinidia arguta
37,Actinidia chinensis
38,Actinidia eriantha
39,Actinobacillus pleuropneumoniae
40,Actinobacillus succinogenes
41,Actinomadura kijaniata
42,Actinomadura sp.
43,Actinoplanes missouriensis
44,Actinoplanes sp.
45,Actinoplanes teichomyceticus
46,Adeno-associated virus
47,Aedes aegypti
48,Aegilops speltoides
49,Aegilops tauschii
50,Aequorea victoria
51,Aeribacillus pallidus
52,Aerococcus viridans
53,Aeromonas caviae
54,Aeromonas enteropelogenes
55,Aeromonas hydrophila
56,Aeromonas jandaei
57,Aeromonas salmonicida
58,Aeropyrum pernix
59,African swine
60,Agaricales sp.
61,Agaricus bisporus
62,Aggregatibacter actinomycetemcomitans
63,Agkistrodon contortrix
64,Agkistrodon piscivorus
65,Agrobacterium fabrum
66,Agrobacterium sp.
67,Agrobacterium tumefaciens
68,Agrobacterium vitis
69,Agrocybe aegerita
70,Albifimbria verrucaria
71,Alcaligenes faecalis
72,Alcaligenes sp.
73,Alicyclobacillus acidocaldarius
74,Alicyclobacillus sp.
75,Aliivibrio fischeri
76,Aliivibrio salmonicida
77,Alkaliphilus oremlandii
78,Allium sativum
79,Allochromatium vinosum
80,Aloe arborescens
81,Alopecurus myosuroides
82,Alteromonas macleodii
83,Alteromonas sp.
84,Alvinella pompejana
85,Amorphotheca resinae
86,Amphibacillus xylanus
87,Amphitrite ornata
88,Ampullaria crossean
89,Amycolatopsis mediterranei
90,Amycolatopsis orientalis
91,Amycolatopsis sp.
92,Anabaena sp.
93,Anaerobiospirillum succiniciproducens
94,Anaeromyces mucronatus
95,Anaeromyxobacter dehalogenans
96,Anaeromyxobacter sp.
97,Anaerostipes caccae
98,Ananas comosus
99,Anaplasma phagocytophilum
100,Anas platyrhynchos
101,Ancylostoma ceylanicum
102,Aneurinibacillus thermoaerophilus
103,Anolis carolinensis
104,Anopheles dirus
105,Anopheles gambiae
106,Anopheles stephensi
107,Anoxybacillus sp.
108,Anser anser
109,Antheraea mylitta
110,Anthopleura japonica
111,Antirrhinum majus
112,Aotus trivirgatus
113,Aphanothece halophytica
114,Apis mellifera
115,Aplysia californica
116,Aplysia kurodai
117,Apostichopus japonicus
118,Aquifex aeolicus
119,Aquifex pyrophilus
120,Arabidopsis thaliana
121,Arachis hypogaea
122,Archaeoglobus fulgidus
123,Arenicola marina
124,Armoracia rusticana
125,Aromatoleum aromaticum
126,Artemisia annua
127,Artemisia spiciformis
128,Arthrobacter globiformis
129,Arthrobacter sp.
130,Arthrospira platensis
131,Ascaris suum
132,Ascophyllum nodosum
133,Aspergillus aculeatus
134,Aspergillus awamori
135,Aspergillus clavatus
136,Aspergillus ficuum
137,Aspergillus fischeri
138,Aspergillus flavus
139,Aspergillus fumigatus
140,Aspergillus giganteus
141,Aspergillus japonicus
142,Aspergillus luchuensis
143,Aspergillus nidulans
144,Aspergillus niger
145,Aspergillus niveus
146,Aspergillus oryzae
147,Aspergillus parasiticus
148,Aspergillus phoenicis
149,Aspergillus sp.
150,Aspergillus terreus
151,Aspergillus usamii
152,Astacus astacus
153,Astacus leptodactylus
154,Auricularia auricula-judae
155,Autographa californica
156,Avena sativa
157,Avian sarcoma
158,Azorhizobium caulinodans
159,Azospira oryzae
160,Azospirillum brasilense
161,Azotobacter vinelandii
162,Babesia bovis
163,Bacillus amyloliquefaciens
164,Bacillus anthracis
165,Bacillus atrophaeus
166,Bacillus cereus
167,Bacillus licheniformis
168,Bacillus methanolicus
169,Bacillus phage
170,Bacillus pumilus
171,Bacillus smithii
172,Bacillus sp.
173,Bacillus subtilis
174,Bacillus thermoproteolyticus
175,Bacillus thuringiensis
176,Bacillus velezensis
177,bacterium CSBL00001
178,Bacteroides eggerthii
179,Bacteroides fragilis
180,Bacteroides ovatus
181,Bacteroides sp.
182,Bacteroides thetaiotaomicron
183,Bacteroides uniformis
184,Bacteroides xylanisolvens
185,Bactrocera dorsalis
186,Bartonella henselae
187,Bdellovibrio bacteriovorus
188,Beta vulgaris
189,Bifidobacterium adolescentis
190,Bifidobacterium animalis
191,Bifidobacterium bifidum
192,Bifidobacterium dentium
193,Bifidobacterium longum
194,Bison bison
195,Bispora sp.
196,Bjerkandera adusta
197,Blastochloris viridis
198,Blastocystis sp.
199,Blattella germanica
200,Bombyx mori
201,Bordetella bronchiseptica
202,Bordetella parapertussis
203,Bordetella pertussis
204,Borreliella burgdorferi
205,Bos grunniens
206,Bos mutus
207,Bos taurus
208,Bothrops asper
209,Bothrops atrox
210,Bothrops jararaca
211,Bothrops jararacussu
212,Bothrops moojeni
213,Bothrops pauloensis
214,Bothrops pirajai
215,Bougainvillea spectabilis
216,Bovine rotavirus
217,Bovine viral
218,Bradyrhizobium diazoefficiens
219,Bradyrhizobium elkanii
220,Bradyrhizobium japonicum
221,Bradyrhizobium sp.
222,Branchiostoma belcheri
223,Branchiostoma floridae
224,Brassica juncea
225,Brassica napus
226,Brassica oleracea
227,Brassica rapa
228,Brevibacillus agri
229,Brevibacillus brevis
230,Brevibacillus thermoruber
231,Brevibacterium fuscum
232,Brevibacterium sterolicum
233,Brevicoryne brassicae
234,Brevundimonas diminuta
235,Brucella abortus
236,Brucella melitensis
237,Brucella suis
238,Brugia malayi
239,Bryonia dioica
240,Bryopsis corticulans
241,Bubalus bubalis
242,Bungarus caeruleus
243,Bungarus fasciatus
244,Bungarus multicinctus
245,Burkholderia ambifaria
246,Burkholderia cenocepacia
247,Burkholderia cepacia
248,Burkholderia glumae
249,Burkholderia lata
250,Burkholderia mallei
251,Burkholderia multivorans
252,Burkholderia pseudomallei
253,Burkholderia sp.
254,Burkholderia thailandensis
255,Burkholderia vietnamiensis
256,Butyrivibrio crossotus
257,Butyrivibrio proteoclasticus
258,Caenorhabditis elegans
259,Caenorhabditis remanei
260,Cajanus cajan
261,Caldalkalibacillus thermarum
262,Caldanaerobacter subterraneus
263,Caldicellulosiruptor bescii
264,Caldicellulosiruptor owensensis
265,Caldicellulosiruptor saccharolyticus
266,Calloselasma rhodostoma
267,Camellia sinensis
268,Camelus dromedarius
269,Campylobacter concisus
270,Campylobacter jejuni
271,Campylobacter lari
272,Canavalia ensiformis
273,Candida albicans
274,Candida dubliniensis
275,Candida parapsilosis
276,Candida tropicalis
277,Candidatus Cloacimonas
278,Candidatus Filomicrobium
279,Candidatus Jettenia
280,Candidatus Korarchaeum
281,Candidatus Kuenenia
282,Candidatus Liberibacter
283,Candidatus Micrarchaeum
284,Candidatus Pelagibacter
285,Canis lupus
286,Cannabis sativa
287,Capra hircus
288,Capsicum annuum
289,Carassius auratus
290,Carboxydothermus hydrogenoformans
291,Carica papaya
292,Castellaniella defragrans
293,Catharanthus roseus
294,Caulobacter sp.
295,Caulobacter vibrioides
296,Cavia porcellus
297,Cellulomonas fimi
298,Cellulomonas flavigena
299,Cellulomonas gilvus
300,Cellulomonas sp.
301,Cellulomonas uda
302,Cellulosimicrobium cellulans
303,Cellvibrio japonicus
304,Cellvibrio mixtus
305,Cenarchaeum symbiosum
306,Cenchrus americanus
307,Chaetoceros socialis
308,Chaetomium thermophilum
309,Chaetopterus variopedatus
310,Champsocephalus gunnari
311,Chelativorans sp.
312,Chelonia mydas
313,Chiba virus
314,Chikungunya virus
315,Chlamydia trachomatis
316,Chlamydomonas reinhardtii
317,Chlorella ohadii
318,Chlorella variabilis
319,Chlorobaculum tepidum
320,Chlorobium limicola
321,Chlorocebus aethiops
322,Chloroflexus aurantiacus
323,Chondrostereum purpureum
324,Chromobacterium sp.
325,Chromobacterium violaceum
326,Chromobacterium viscosum
327,Chromohalobacter salexigens
328,Chromohalobacter sp.
329,Chroococcidiopsis sp.
330,Chryseobacterium indologenes
331,Chryseobacterium proteolyticum
332,Cichorium intybus
333,Cinnamomum camphora
334,Citrobacter amalonaticus
335,Citrobacter braakii
336,Citrobacter freundii
337,Citrobacter intermedius
338,Citrullus lanatus
339,Citrus sinensis
340,Citrus x
341,Cladosporium herbarum
342,Clarkia breweri
343,Classical swine
344,Clavibacter michiganensis
345,Clavispora lusitaniae
346,Clitoria ternatea
347,Clonorchis sinensis
348,Clonostachys rosea
349,Clostridioides difficile
350,Clostridium acetobutylicum
351,Clostridium aminobutyricum
352,Clostridium autoethanogenum
353,Clostridium beijerinckii
354,Clostridium botulinum
355,Clostridium butyricum
356,Clostridium cellulovorans
357,Clostridium cochlearium
358,Clostridium kluyveri
359,Clostridium pasteurianum
360,Clostridium perfringens
361,Clostridium phage
362,Clostridium sardiniense
363,Clostridium scatologenes
364,Clostridium sporogenes
365,Clostridium subterminale
366,Clostridium tetani
367,Clostridium tetanomorphum
368,Clytia gregaria
369,Coccidioides immitis
370,Coccidioides posadasii
371,Coccomyxa sp.
372,Coffea canephora
373,Colinus virginianus
374,Colletotrichum gloeosporioides
375,Colletotrichum graminicola
376,Colletotrichum lindemuthianum
377,Colletotrichum lupini
378,Collinsella aerofaciens
379,Columba livia
380,Colwellia psychrerythraea
381,Comamonas testosteroni
382,Conticribra weissflogii
383,Coprinopsis cinerea
384,Coptis japonica
385,Corallina officinalis
386,Corallina pilulifera
387,Cordyceps militaris
388,Coriolopsis gallica
389,Coriolopsis trogii
390,Corynebacterium ammoniagenes
391,Corynebacterium callunae
392,Corynebacterium diphtheriae
393,Corynebacterium efficiens
394,Corynebacterium glutamicum
395,Corynebacterium sp.
396,Corynebacterium striatum
397,Corynephage beta
398,Coturnix japonica
399,Coxiella burnetii
400,Coxsackievirus A16
401,Coxsackievirus B3
402,Coxsackievirus B4
403,Crassostrea gigas
404,Cricetulus griseus
405,Crithidia fasciculata
406,Cronobacter sakazakii
407,Crotalus adamanteus
408,Crotalus atrox
409,Crotalus durissus
410,Cryphonectria parasitica
411,Cryptococcus neoformans
412,Cryptomeria japonica
413,Cryptopygus antarcticus
414,Cryptosporidium hominis
415,Cryptosporidium muris
416,Cryptosporidium parvum
417,Cucumis melo
418,Cucurbita moschata
419,Cucurbita pepo
420,Cupriavidus metallidurans
421,Cupriavidus necator
422,Cupriavidus pinatubonensis
423,Curcuma longa
424,Curvularia inaequalis
425,Curvularia lunata
426,Cutaneotrichosporon cutaneum
427,Cutaneotrichosporon moniliiforme
428,Cutibacterium acnes
429,Cyanidioschyzon merolae
430,Cyanidioschyzon sp.
431,Cyanidium caldarium
432,Cyanobacterium sp.
433,Cyberlindnera mrakii
434,Cyberlindnera saturnus
435,Cycas revoluta
436,Cyprinus carpio
437,Cytophaga hutchinsonii
438,Daboia russelii
439,Daboia siamensis
440,Danio rerio
441,Daphnia magna
442,Daphnia pulex
443,Datura stramonium
444,Daucus carota
445,Debaryomyces castellii
446,Debaryomyces nepalensis
447,Dechloromonas aromatica
448,Defluviitalea phaphyphila
449,Deinagkistrodon acutus
450,Deinococcus geothermalis
451,Deinococcus radiodurans
452,Delftia acidovorans
453,Delftia sp.
454,Dengue virus
455,Dermatophagoides farinae
456,Dermatophagoides pteronyssinus
457,Desmodus rotundus
458,Desulfarculus baarsii
459,Desulfitobacterium hafniense
460,Desulfococcus multivorans
461,Desulfomicrobium baculatum
462,Desulfomicrobium norvegicum
463,Desulfotalea psychrophila
464,Desulfovibrio alaskensis
465,Desulfovibrio desulfuricans
466,Desulfovibrio fructosivorans
467,Desulfovibrio gigas
468,Desulfovibrio vulgaris
469,Desulfurobacterium thermolithotrophum
470,Desulfurococcus sp.
471,Dianthus caryophyllus
472,Diaphorobacter sp.
473,Diaporthe amygdali
474,Dickeya chrysanthemi
475,Dickeya dadantii
476,Dictyoglomus thermophilum
477,Dictyostelium discoideum
478,Dictyostelium purpureum
479,Digitalis lanata
480,Diutina rugosa
481,Doryteuthis pealeii
482,Drosophila melanogaster
483,Dugesia japonica
484,Dunaliella salina
485,Echis carinatus
486,EDTA-degrading bacterium
487,Eggerthella lenta
488,Ehrlichia chaffeensis
489,Eimeria tenella
490,Eisenia fetida
491,Electrophorus electricus
492,Elephantulus edwardii
493,Elizabethkingia meningoseptica
494,Elizabethkingia miricola
495,Encephalitozoon cuniculi
496,Ensifer adhaerens
497,Entamoeba histolytica
498,Enterobacter asburiae
499,Enterobacter cloacae
500,Enterobacter sp.
501,Enterobacteria phage
502,Enterococcus casseliflavus
503,Enterococcus faecalis
504,Enterococcus faecium
505,Enterococcus hirae
506,Enterococcus mundtii
507,Enterovirus A71
508,Enterovirus D68
509,Equid alphaherpesvirus
510,Equisetum arvense
511,Equus asinus
512,Equus caballus
513,Eremothecium gossypii
514,Erwinia amylovora
515,Erwinia rhapontici
516,Erwinia tasmaniensis
517,Erythrobacter litoralis
518,Erythrobacter sp.
519,Escherichia coli
520,Escherichia phage
521,Escherichia sp.
522,Escherichia virus
523,Eschscholzia californica
524,Eubacterium barkeri
525,Exiguobacterium sibiricum
526,Exiguobacterium sp.
527,Faecalibacterium prausnitzii
528,Fasciola hepatica
529,Felis catus
530,Ferroplasma acidiphilum
531,Fervidobacterium islandicum
532,Fervidobacterium nodosum
533,Fibrobacter succinogenes
534,Ficus benghalensis
535,Ficus carica
536,Fischerella thermalis
537,Flaveria bidentis
538,Flaveria pringlei
539,Flaveria trinervia
540,Flavobacterium frigidimaris
541,Flavobacterium johnsoniae
542,Flavobacterium sp.
543,Fluoribacter gormanii
544,Foot-and-mouth disease
545,Fragaria vesca
546,Francisella tularensis
547,Fusarium fujikuroi
548,Fusarium graminearum
549,Fusarium oxysporum
550,Fusarium solani
551,Fusarium sp.
552,Fusarium sporotrichioides
553,Fusarium verticillioides
554,Fusobacterium nucleatum
555,Gadus morhua
556,Galdieria partita
557,Galdieria sulphuraria
558,Gallus gallus
559,Garcinia mangostana
560,Gardnerella vaginalis
561,Gemmabryum coronatum
562,Gemmata obscuriglobus
563,Gentiana triflora
564,Geobacillus kaustophilus
565,Geobacillus sp.
566,Geobacillus stearothermophilus
567,Geobacillus thermocatenulatus
568,Geobacillus thermodenitrificans
569,Geobacillus thermoleovorans
570,Geobacter metallireducens
571,Geobacter sulfurreducens
572,Geotrichum candidum
573,Geotrichum sp.
574,Giardia intestinalis
575,Glaciozyma antarctica
576,Globodera pallida
577,Gloeobacter violaceus
578,Gloydius halys
579,Gluconacetobacter diazotrophicus
580,Gluconobacter frateurii
581,Gluconobacter oxydans
582,Glutamicibacter protophormiae
583,Glycine max
584,Glycyrrhiza echinata
585,Gordonia bronchialis
586,Gossypium arboreum
587,Gossypium hirsutum
588,Gracilariopsis lemaneiformis
589,Granulibacter bethesdensis
590,Granulicella mallensis
591,Grifola frondosa
592,Gypsophila vaccaria
593,Haemonchus contortus
594,Haemophilus aegyptius
595,Haemophilus haemolyticus
596,Haemophilus influenzae
597,Haemophilus parahaemolyticus
598,Hafnia alvei
599,Hahella chejuensis
600,Haliangium ochraceum
601,Haliotis discus
602,Haloarcula marismortui
603,Haloarcula quadrata
604,Halobacterium salinarum
605,Haloferax mediterranei
606,Haloferax volcanii
607,Halomonas elongata
608,Halomonas sp.
609,Halorhodospira halophila
610,Halorubrum lacusprofundi
611,Halothermothrix orenii
612,Halothiobacillus neapolitanus
613,Hathewaya histolytica
614,Helianthus annuus
615,Helicobacter mustelae
616,Helicobacter pylori
617,Helicoverpa armigera
618,Helicoverpa zea
619,Hepacivirus C
620,Hepatitis C
621,Hepatovirus A
622,Hericium erinaceus
623,Heterocephalus glaber
624,Hevea brasiliensis
625,Histophilus somni
626,Homarus americanus
627,Homarus gammarus
628,Homo sapiens
629,Hordeum vulgare
630,Human adenovirus
631,Human alphaherpesvirus
632,Human betaherpesvirus
633,Human coronavirus
634,Human gammaherpesvirus
635,Human papillomavirus
636,Human poliovirus
637,Human respirovirus
638,Human rhinovirus
639,Humicola insolens
640,Humulus lupulus
641,Hydra vulgaris
642,Hydrogenimonas thermophila
643,Hydrogenobacter thermophilus
644,Hydrogenophaga pseudoflava
645,Hydrogenovibrio crunogenus
646,Hydrogenovibrio marinus
647,Hyoscyamus muticus
648,Hypericum androsaemum
649,Hyperthermus butylicus
650,Hyphomicrobium denitrificans
651,Hyphomicrobium methylovorum
652,Hyphomicrobium sulfonivorans
653,Hypoderma lineatum
654,Hypomyces rosellus
655,Ideonella sakaiensis
656,Idiomarina loihiensis
657,Idiomarina sp.
658,Ignisphaera aggregans
659,Infectious bursal
660,Ipomoea batatas
661,Iris x
662,Irpex lacteus
663,Ixodes scapularis
664,Janibacter sp.
665,Jannaschia sp.
666,Janthinobacterium sp.
667,Japanese encephalitis
668,Jeotgalibacillus marinus
669,Jonesia denitrificans
670,Kitasatospora aureofaciens
671,Kitasatospora setae
672,Klebsiella aerogenes
673,Klebsiella oxytoca
674,Klebsiella pneumoniae
675,Klebsiella sp.
676,Kluyvera cryocrescens
677,Kluyveromyces lactis
678,Kluyveromyces marxianus
679,Kokobera virus
680,Komagataeibacter europaeus
681,Komagataeibacter xylinus
682,Komagataella pastoris
683,Komagataella phaffii
684,Kribbella flavida
685,Kunjin virus
686,Labrenzia aggregata
687,Lachancea kluyveri
688,Lachnoclostridium phytofermentans
689,Lactobacillus acidophilus
690,Lactobacillus delbrueckii
691,Lactobacillus gasseri
692,Lactobacillus helveticus
693,Lactobacillus johnsonii
694,Lactobacillus leichmannii
695,Lactobacillus sp.
696,Lactococcus lactis
697,Lama glama
698,Lampyris turkestanicus
699,Langat virus
700,Larimichthys crocea
701,Laternula elliptica
702,Legionella longbeachae
703,Legionella pneumophila
704,Leishmania amazonensis
705,Leishmania braziliensis
706,Leishmania donovani
707,Leishmania infantum
708,Leishmania major
709,Leishmania mexicana
710,Leishmania naiffi
711,Leishmania sp.
712,Leishmania tarentolae
713,Lentinus tigrinus
714,Leptospira biflexa
715,Leptospira interrogans
716,Leptotrichia buccalis
717,Leptoxyphium fumago
718,Leptuca pugilator
719,Lethocerus indicus
720,Leucoagaricus meleagris
721,Leuconostoc citreum
722,Leuconostoc mesenteroides
723,Limnoria quadripunctata
724,Limulus polyphemus
725,Lingulodinium polyedra
726,Linum usitatissimum
727,Listeria innocua
728,Listeria ivanovii
729,Listeria monocytogenes
730,Loligo vulgaris
731,Lolium perenne
732,Lolium rigidum
733,Luciola cruciata
734,Luffa acutangula
735,Luffa aegyptiaca
736,Lupinus angustifolius
737,Lupinus luteus
738,Lyngbya majuscula
739,Lysinibacillus sphaericus
740,Lysobacter enzymogenes
741,Macaca fascicularis
742,Macaca mulatta
743,Macrobdella decora
744,Magnetospirillum sp.
745,Malassezia sympodialis
746,Malbranchea cinnamomea
747,Malus domestica
748,Mammalian orthoreovirus
749,Manduca sexta
750,Mangifera indica
751,Manihot esculenta
752,Marasmius rotula
753,Marchantia polymorpha
754,Maricaulis maris
755,Marichromatium gracile
756,Marinithermus hydrothermalis
757,Marinobacter sp.
758,Marinomonas mediterranea
759,Mason-Pfizer monkey
760,Meaban virus
761,Measles morbillivirus
762,Medicago sativa
763,Medicago truncatula
764,Megasphaera elsdenii
765,Meiothermus ruber
766,Meiothermus taiwanensis
767,Melanocarpus albomyces
768,Meleagris gallopavo
769,Mengo virus
770,Mentha x
771,Meretrix lusoria
772,Mesembryanthemum crystallinum
773,Mesoplasma florum
774,Mesorhizobium japonicum
775,Mesorhizobium loti
776,Mesorhizobium sp.
777,Metallosphaera sedula
778,Metarhizium anisopliae
779,Methanobrevibacter ruminantium
780,Methanobrevibacter smithii
781,Methanocaldococcus jannaschii
782,Methanococcoides burtonii
783,Methanococcus aeolicus
784,Methanococcus maripaludis
785,Methanococcus voltae
786,Methanohalophilus portucalensis
787,Methanopyrus kandleri
788,Methanosarcina acetivorans
789,Methanosarcina barkeri
790,Methanosarcina mazei
791,Methanosarcina thermophila
792,Methanospirillum hungatei
793,Methanothermobacter marburgensis
794,Methanothermobacter thermautotrophicus
795,Methanothermobacter wolfeii
796,Methanothermococcus thermolithotrophicus
797,Methanothermus fervidus
798,Methanothrix soehngenii
799,Methanotorris igneus
800,Methylobacillus flagellatus
801,Methylobacterium sp.
802,Methylococcus capsulatus
803,Methylophaga aminisulfidivorans
804,Methylophilus methylotrophus
805,Methylorubrum extorquens
806,Methylosinus trichosporium
807,Microbacterium saccharophilum
808,Microbacterium sp.
809,Microbulbifer thermotolerans
810,Micrococcus luteus
811,Microcystis aeruginosa
812,Microdochium nivale
813,Micromonospora aurantiaca
814,Micromonospora griseorubida
815,Micromonospora viridifaciens
816,Micromonospora zionensis
817,Micropechis ikaheca
818,Mitsuokella multacida
819,Moesziomyces antarcticus
820,Moloney murine
821,Momordica balsamina
822,Momordica charantia
823,Monascus pilosus
824,Moniliophthora perniciosa
825,Monodelphis domestica
826,Moorea producens
827,Moorella thermoacetica
828,Moraxella bovis
829,Moraxella catarrhalis
830,Moraxella sp.
831,Morganella morganii
832,Moritella marina
833,Moritella profunda
834,Mucor circinelloides
835,Murine coronavirus
836,Murine hepatitis
837,Murine norovirus
838,Murray Valley
839,Mus musculus
840,Musa acuminata
841,Musca domestica
842,Mycobacterium avium
843,Mycobacterium gastri
844,Mycobacterium intracellulare
845,Mycobacterium kansasii
846,Mycobacterium leprae
847,Mycobacterium marinum
848,Mycobacterium tuberculosis
849,Mycobacterium ulcerans
850,Mycobacteroides abscessus
851,Mycolicibacterium fortuitum
852,Mycolicibacterium hassiacum
853,Mycolicibacterium rhodesiae
854,Mycolicibacterium smegmatis
855,Mycolicibacterium thermoresistibile
856,Mycoplana ramosa
857,Mycoplasma capricolum
858,Mycoplasma genitalium
859,Mycoplasma hyopneumoniae
860,Mycoplasma mobile
861,Mycoplasma mycoides
862,Mycoplasma penetrans
863,Mycoplasma pneumoniae
864,Mycothermus thermophilus
865,Mytilus edulis
866,Myxococcus xanthus
867,Naegleria fowleri
868,Naegleria gruberi
869,Naganishia liquefaciens
870,Naja atra
871,Naja naja
872,Naja sagittifera
873,Namalycastis sp.
874,Nannospalax galili
875,Nanoarchaeum equitans
876,Nasutitermes takasagoensis
877,Natrialba magadii
878,Neisseria gonorrhoeae
879,Neisseria lactamica
880,Neisseria meningitidis
881,Neisseria polysaccharea
882,Nematostella vectensis
883,Neocallimastix patriciarum
884,Neospora caninum
885,Neotermes koshunensis
886,Nepeta racemosa
887,Nesterenkonia sp.
888,Neurospora crassa
889,Neurospora sitophila
890,Nicotiana alata
891,Nicotiana benthamiana
892,Nicotiana glutinosa
893,Nicotiana plumbaginifolia
894,Nicotiana tabacum
895,Nipah henipavirus
896,Nitratiruptor sp.
897,Nitrobacter winogradskyi
898,Nitrosomonas europaea
899,Nitrosopumilus maritimus
900,Nitrosospira multiformis
901,Nitrospira defluvii
902,Niveispirillum irakense
903,Nocardia farcinica
904,Nocardia iowensis
905,Nocardiopsis sp.
906,Nodamura virus
907,Nonlabens dokdonensis
908,Nonomuraea gerenzanensis
909,Norwalk virus
910,Nostoc punctiforme
911,Nostoc sp.
912,Notothenia coriiceps
913,Nototodarus sloanii
914,Novosphingobium aromaticivorans
915,Novosphingobium capsulatum
916,Obelia longissima
917,Oceanicola granulosus
918,Oceanobacillus iheyensis
919,Ochrobactrum sp.
920,Ocimum basilicum
921,Oenococcus oeni
922,Ogataea angusta
923,Ogataea polymorpha
924,Oldenlandia affinis
925,Olea europaea
926,Onchocerca volvulus
927,Oncorhynchus keta
928,Oncorhynchus mykiss
929,Ophiophagus hannah
930,Opisthorchis viverrini
931,Oplophorus gracilirostris
932,Oryctolagus cuniculus
933,Oryza sativa
934,Oryzias latipes
935,Oscillatoria acuminata
936,Oscillatoria sp.
937,Ostreococcus tauri
938,Ostrinia furnacalis
939,Ovis aries
940,Oxalobacter formigenes
941,Oxyuranus scutellatus
942,Paecilomyces sp.
943,Paenarthrobacter aurescens
944,Paenarthrobacter nicotinovorans
945,Paenarthrobacter nitroguajacolicus
946,Paenarthrobacter ureafaciens
947,Paenibacillus alvei
948,Paenibacillus barcinonensis
949,Paenibacillus barengoltzii
950,Paenibacillus larvae
951,Paenibacillus lautus
952,Paenibacillus macerans
953,Paenibacillus pabuli
954,Paenibacillus polymyxa
955,Paenibacillus sp.
956,Paenibacillus thiaminolyticus
957,Pagrus major
958,Pan troglodytes
959,Pandalus borealis
960,Pandoraea pnomenusa
961,Panicum virgatum
962,Pantoea agglomerans
963,Pantoea ananatis
964,Pantoea stewartii
965,Panulirus versicolor
966,Papaver somniferum
967,Parabacteroides distasonis
968,Paraburkholderia graminis
969,Paraburkholderia phymatum
970,Paraburkholderia phytofirmans
971,Paraburkholderia xenovorans
972,Paracoccus denitrificans
973,Paracoccus pantotrophus
974,Paracoccus sp.
975,Paracoccus versutus
976,Parageobacillus thermoglucosidasius
977,Paramecium bursaria
978,Paramecium tetraurelia
979,Parengyodontium album
980,Parthenium argentatum
981,Pasteurella multocida
982,Paucimonas lemoignei
983,Pecten maximus
984,Pectobacterium atrosepticum
985,Pectobacterium carotovorum
986,Pediococcus acidilactici
987,Pedobacter heparinus
988,Pelodiscus sinensis
989,Pelomonas saccharophila
990,Pelophylax perezi
991,Penaeus japonicus
992,Penaeus vannamei
993,Penicillium amagasakiense
994,Penicillium canescens
995,Penicillium chrysogenum
996,Penicillium citrinum
997,Penicillium cyclopium
998,Penicillium expansum
999,Penicillium janthinellum
1000,Penicillium oxalicum
1001,Penicillium roqueforti
1002,Penicillium simplicissimum
1003,Penicillium sp.
1004,Peniophora sp.
1005,Peptoniphilus asaccharolyticus
1006,Perinereis brevicirris
1007,Perkinsus marinus
1008,Persephonella marina
1009,Persicaria hydropiper
1010,Petroselinum crispum
1011,Petrotoga mobilis
1012,Petunia x
1013,Peucedanum praeruptorum
1014,Phaeodactylum tricornutum
1015,Phaffia rhodozyma
1016,Phanerochaete chrysosporium
1017,Phaseolus vulgaris
1018,Phasianus colchicus
1019,Phormidium lapideum
1020,Photinus pyralis
1021,Photobacterium damselae
1022,Photobacterium leiognathi
1023,Photobacterium phosphoreum
1024,Photobacterium profundum
1025,Photobacterium sp.
1026,Photorhabdus asymbiotica
1027,Photorhabdus luminescens
1028,Physarum polycephalum
1029,Physeter catodon
1030,Phytolacca americana
1031,Phytolacca dioica
1032,Phytophthora capsici
1033,Phytophthora sojae
1034,Picea abies
1035,Picrophilus torridus
1036,Pimelobacter simplex
1037,Pinus sylvestris
1038,Piromyces sp.
1039,Pisum sativum
1040,Planctopirus limnophila
1041,Planomicrobium okeanokoites
1042,Plantago major
1043,Plasmodium berghei
1044,Plasmodium falciparum
1045,Plasmodium knowlesi
1046,Plasmodium vivax
1047,Plasmodium yoelii
1048,Plectranthus scutellarioides
1049,Plesiocystis pacifica
1050,Plesiomonas shigelloides
1051,Pleurotus eryngii
1052,Pleurotus ostreatus
1053,Plexaura homomalla
1054,Pneumocystis carinii
1055,Pneumocystis jirovecii
1056,Podophyllum peltatum
1057,Podospora anserina
1058,Poecilia reticulata
1059,Polaromonas sp.
1060,Populus tomentosa
1061,Populus tremula
1062,Populus tremuloides
1063,Populus trichocarpa
1064,Porcine enteric
1065,Porphyridium purpureum
1066,Porphyromonas gingivalis
1067,Prevotella bryantii
1068,Prochlorococcus marinus
1069,Prochlorococcus phage
1070,Prochlorothrix hollandica
1071,Propionibacterium freudenreichii
1072,Prosthecochloris vibrioformis
1073,Proteus hauseri
1074,Proteus mirabilis
1075,Proteus vulgaris
1076,Protobothrops flavoviridis
1077,Providencia alcalifaciens
1078,Providencia stuartii
1079,Prunus avium
1080,Prunus dulcis
1081,Prunus mume
1082,Pseudaminobacter salicylatoxidans
1083,Pseudarthrobacter chlorophenolicus
1084,Pseudarthrobacter oxydans
1085,Pseudechis australis
1086,Pseudoalteromonas atlantica
1087,Pseudoalteromonas carrageenovora
1088,Pseudoalteromonas haloplanktis
1089,Pseudoalteromonas sp.
1090,Pseudogluconobacter saccharoketogenes
1091,Pseudomonas aeruginosa
1092,Pseudomonas amyloderamosa
1093,Pseudomonas cichorii
1094,Pseudomonas denitrificans
1095,Pseudomonas fluorescens
1096,Pseudomonas fragi
1097,Pseudomonas knackmussii
1098,Pseudomonas mendocina
1099,Pseudomonas mevalonii
1100,Pseudomonas nitroreducens
1101,Pseudomonas oleovorans
1102,Pseudomonas pavonaceae
1103,Pseudomonas phage
1104,Pseudomonas protegens
1105,Pseudomonas putida
1106,Pseudomonas reinekei
1107,Pseudomonas savastanoi
1108,Pseudomonas sp.
1109,Pseudomonas stutzeri
1110,Pseudomonas syringae
1111,Pseudomonas veronii
1112,Pseudomonas virus
1113,Pseudonaja textilis
1114,Pseudonocardia autotrophica
1115,Pseudonocardia thermophila
1116,Pseudopedobacter saltans
1117,Pseudothermotoga thermarum
1118,Pseudoxanthomonas mexicana
1119,Psychrobacter arcticus
1120,Psychrobacter cryohalolentis
1121,Psychromonas ingrahamii
1122,Pteris ryukyuensis
1123,Pyricularia oryzae
1124,Pyrobaculum aerophilum
1125,Pyrobaculum calidifontis
1126,Pyrobaculum islandicum
1127,Pyrobaculum neutrophilum
1128,Pyrococcus abyssi
1129,Pyrococcus furiosus
1130,Pyrococcus horikoshii
1131,Pyrococcus woesei
1132,Pyrococcus yayanosii
1133,Pyrus pyrifolia
1134,Rabbit hemorrhagic
1135,Ralstonia pickettii
1136,Ralstonia solanacearum
1137,Ralstonia sp.
1138,Raoultella planticola
1139,Raphanus sativus
1140,Rasamsonia emersonii
1141,Rattus norvegicus
1142,Rattus rattus
1143,Rauvolfia serpentina
1144,Renilla reniformis
1145,Reovirus sp.
1146,Rheum palmatum
1147,Rhipicephalus microplus
1148,Rhizobium etli
1149,Rhizobium leguminosarum
1150,Rhizobium sp.
1151,Rhizomucor miehei
1152,Rhizomucor pusillus
1153,Rhizopus microsporus
1154,Rhizopus niveus
1155,Rhizopus oryzae
1156,Rhodiola rosea
1157,Rhodnius prolixus
1158,Rhodobacter capsulatus
1159,Rhodococcus erythropolis
1160,Rhodococcus jostii
1161,Rhodococcus opacus
1162,Rhodococcus rhodochrous
1163,Rhodococcus ruber
1164,Rhodococcus sp.
1165,Rhodopseudomonas palustris
1166,Rhodospirillum rubrum
1167,Rhodothermus marinus
1168,Rhodotorula toruloides
1169,Rhodovulum sp.
1170,Rhodovulum sulfidophilum
1171,Ricinus communis
1172,Rickettsia conorii
1173,Rickettsia felis
1174,Rickettsia prowazekii
1175,Rickettsia rickettsii
1176,Rickettsia typhi
1177,Rigidoporus microporus
1178,Rosa hybrid
1179,Roseburia intestinalis
1180,Roseobacter denitrificans
1181,Rous sarcoma
1182,Roystonea regia
1183,Rubrobacter xylanophilus
1184,Ruditapes philippinarum
1185,Ruegeria lacuscaerulensis
1186,Ruegeria pomeroyi
1187,Ruminiclostridium cellulolyticum
1188,Ruminiclostridium josui
1189,Ruminiclostridium papyrosolvens
1190,Ruminococcus albus
1191,Saccharolobus shibatae
1192,Saccharolobus solfataricus
1193,Saccharomonospora viridis
1194,Saccharomyces cerevisiae
1195,Saccharomyces mikatae
1196,Saccharomyces pastorianus
1197,Saccharomycopsis fibuligera
1198,Saccharophagus degradans
1199,Saccharopolyspora erythraea
1200,Saccharopolyspora spinosa
1201,Saccharum hybrid
1202,Saguinus oedipus
1203,Saimiri boliviensis
1204,Saint Louis
1205,Salinibacter ruber
1206,Salinispora tropica
1207,Salipaludibacillus agaradhaerens
1208,Salipiger bermudensis
1209,Salmo salar
1210,Salmonella enterica
1211,Salmonella virus
1212,Salvia miltiorrhiza
1213,Salvia officinalis
1214,Sambucus ebulus
1215,Sambucus nigra
1216,Santalum album
1217,Saponaria officinalis
1218,Sapporo virus
1219,Saprolegnia monoica
1220,SARS coronavirus
1221,Scaptodrosophila lebanonensis
1222,Scheffersomyces stipitis
1223,Schistosoma haematobium
1224,Schistosoma japonicum
1225,Schistosoma mansoni
1226,Schizosaccharomyces japonicus
1227,Schizosaccharomyces pombe
1228,Schwanniomyces occidentalis
1229,Scylla paramamosain
1230,Scytalidium lignicola
1231,Sebaldella termitidis
1232,Secale cereale
1233,Sedimentibacter hydroxybenzoicus
1234,Selaginella moellendorffii
1235,Selenomonas ruminantium
1236,Senna obtusifolia
1237,Sepia officinalis
1238,Serendipita indica
1239,Serratia fonticola
1240,Serratia marcescens
1241,Serratia plymuthica
1242,Serratia proteamaculans
1243,Serratia sp.
1244,Shewanella amazonensis
1245,Shewanella baltica
1246,Shewanella benthica
1247,Shewanella denitrificans
1248,Shewanella frigidimarina
1249,Shewanella halifaxensis
1250,Shewanella loihica
1251,Shewanella massilia
1252,Shewanella oneidensis
1253,Shewanella pealeana
1254,Shewanella piezotolerans
1255,Shewanella sp.
1256,Shigella boydii
1257,Shigella dysenteriae
1258,Shigella flexneri
1259,Shimwellia blattae
1260,Shinella sp.
1261,Shrimp white
1262,Simian immunodeficiency
1263,Simian rotavirus
1264,Sinapis alba
1265,Sindbis virus
1266,Sinonovacula constricta
1267,Sinorhizobium meliloti
1268,Siraitia grosvenorii
1269,Sitophilus oryzae
1270,Slackia exigua
1271,Solanum habrochaites
1272,Solanum lycopersicum
1273,Solanum tuberosum
1274,Solenopsis invicta
1275,Sorangium cellulosum
1276,Sordaria macrospora
1277,Sorghum bicolor
1278,Southampton virus
1279,Sphaerobacter thermophilus
1280,Sphingobacterium multivorum
1281,Sphingobacterium spiritivorum
1282,Sphingobium chlorophenolicum
1283,Sphingobium herbicidovorans
1284,Sphingobium indicum
1285,Sphingobium japonicum
1286,Sphingobium sp.
1287,Sphingobium yanoikuyae
1288,Sphingomonas elodea
1289,Sphingomonas paucimobilis
1290,Sphingomonas sp.
1291,Sphingomonas wittichii
1292,Sphingopyxis alaskensis
1293,Sphingopyxis macrogoltabida
1294,Sphingopyxis sp.
1295,Sphingosinicella xenopeptidilytica
1296,Spinacia oleracea
1297,Spirochaeta thermophila
1298,Spirosoma linguale
1299,Spisula solidissima
1300,Spodoptera frugiperda
1301,Sporidiobolus salmonicolor
1302,Sporomusa ovata
1303,Sporosarcina globispora
1304,Sporosarcina pasteurii
1305,Sporosarcina psychrophila
1306,Squalus acanthias
1307,Staphylococcus aureus
1308,Staphylococcus capitis
1309,Staphylococcus carnosus
1310,Staphylococcus epidermidis
1311,Staphylococcus haemolyticus
1312,Staphylococcus hyicus
1313,Staphylococcus saprophyticus
1314,Staphylococcus simulans
1315,Staphylococcus sp.
1316,Staphylococcus virus
1317,Staphylococcus warneri
1318,Staphylothermus marinus
1319,Starkeya novella
1320,Steccherinum ochraceum
1321,Stenotrophomonas maltophilia
1322,Streptoalloteichus tenebrarius
1323,Streptococcus agalactiae
1324,Streptococcus anginosus
1325,Streptococcus cristatus
1326,Streptococcus dysgalactiae
1327,Streptococcus gordonii
1328,Streptococcus mutans
1329,Streptococcus phage
1330,Streptococcus pneumoniae
1331,Streptococcus pyogenes
1332,Streptococcus sanguinis
1333,Streptococcus sp.
1334,Streptococcus suis
1335,Streptococcus thermophilus
1336,Streptococcus uberis
1337,Streptomyces actuosus
1338,Streptomyces albidoflavus
1339,Streptomyces albus
1340,Streptomyces ambofaciens
1341,Streptomyces ansochromogenes
1342,Streptomyces antibioticus
1343,Streptomyces arenae
1344,Streptomyces avermitilis
1345,Streptomyces bikiniensis
1346,Streptomyces cacaoi
1347,Streptomyces caespitosus
1348,Streptomyces carzinostaticus
1349,Streptomyces castaneoglobisporus
1350,Streptomyces cattleya
1351,Streptomyces cinnamoneus
1352,Streptomyces clavuligerus
1353,Streptomyces coelicolor
1354,Streptomyces collinus
1355,Streptomyces cyaneus
1356,Streptomyces davaonensis
1357,Streptomyces diastaticus
1358,Streptomyces exfoliatus
1359,Streptomyces fradiae
1360,Streptomyces galilaeus
1361,Streptomyces glaucescens
1362,Streptomyces globisporus
1363,Streptomyces griseocarneus
1364,Streptomyces griseolus
1365,Streptomyces griseus
1366,Streptomyces halstedii
1367,Streptomyces hygroscopicus
1368,Streptomyces kanamyceticus
1369,Streptomyces lavendulae
1370,Streptomyces lividans
1371,Streptomyces matensis
1372,Streptomyces melanosporofaciens
1373,Streptomyces mobaraensis
1374,Streptomyces murinus
1375,Streptomyces niveus
1376,Streptomyces nodosus
1377,Streptomyces nogalater
1378,Streptomyces noursei
1379,Streptomyces olivaceoviridis
1380,Streptomyces olivochromogenes
1381,Streptomyces peucetius
1382,Streptomyces plicatus
1383,Streptomyces pristinaespiralis
1384,Streptomyces purpurascens
1385,Streptomyces ribosidificus
1386,Streptomyces rimosus
1387,Streptomyces rochei
1388,Streptomyces roseochromogenus
1389,Streptomyces rubellomurinus
1390,Streptomyces rubiginosus
1391,Streptomyces scabiei
1392,Streptomyces seoulensis
1393,Streptomyces sioyaensis
1394,Streptomyces sp.
1395,Streptomyces sviceus
1396,Streptomyces thermoviolaceus
1397,Streptomyces toyocaensis
1398,Streptomyces venezuelae
1399,Streptomyces vinaceus
1400,Streptomyces violaceoruber
1401,Streptomyces viridochromogenes
1402,Streptomyces viridosporus
1403,Streptomyces wedmorensis
1404,Streptosporangium roseum
1405,Struthio camelus
1406,Suid alphaherpesvirus
1407,Sulfitobacter sp.
1408,Sulfolobus acidocaldarius
1409,Sulfolobus islandicus
1410,Sulfurihydrogenibium sp.
1411,Sulfurimonas denitrificans
1412,Sulfurisphaera tokodaii
1413,Sulfurospirillum deleyianum
1414,Suregada multiflora
1415,Sus scrofa
1416,Symbiobacterium thermophilum
1417,Symbiobacterium toebii
1418,Synechococcus elongatus
1419,Synechococcus sp.
1420,Synechocystis sp.
1421,synthetic construct
1422,Syntrophomonas wolfei
1423,Syntrophus aciditrophicus
1424,Tachyglossus aculeatus
1425,Taenia solium
1426,Takifugu rubripes
1427,Talaromyces cellulolyticus
1428,Talaromyces funiculosus
1429,Talaromyces minioluteus
1430,Talaromyces pinophilus
1431,Talaromyces purpureogenus
1432,Talaromyces trachyspermus
1433,Taxus brevifolia
1434,Taxus canadensis
1435,Tellina virus
1436,Tenebrio molitor
1437,Teredinibacter turnerae
1438,Tetradesmus obliquus
1439,Tetrahymena thermophila
1440,Tetronarce californica
1441,Thalassiosira antarctica
1442,Thalassobius gelatinovorus
1443,Thalictrum flavum
1444,Thauera aromatica
1445,Thermaerobacter marianensis
1446,Thermoactinomyces vulgaris
1447,Thermoanaerobacter brockii
1448,Thermoanaerobacter ethanolicus
1449,Thermoanaerobacter italicus
1450,Thermoanaerobacter pseudethanolicus
1451,Thermoanaerobacterium saccharolyticum
1452,Thermoanaerobacterium thermosaccharolyticum
1453,Thermoanaerobacterium thermosulfurigenes
1454,Thermoascus aurantiacus
1455,Thermobacillus composti
1456,Thermobacillus xylanilyticus
1457,Thermobaculum terrenum
1458,Thermobifida cellulosilytica
1459,Thermobifida fusca
1460,Thermoclostridium stercorarium
1461,Thermococcus chitonophagus
1462,Thermococcus gammatolerans
1463,Thermococcus gorgonarius
1464,Thermococcus kodakarensis
1465,Thermococcus litoralis
1466,Thermococcus onnurineus
1467,Thermococcus profundus
1468,Thermococcus sibiricus
1469,Thermococcus sp.
1470,Thermococcus thioreducens
1471,Thermocrispum municipale
1472,Thermomicrobium roseum
1473,Thermomonospora curvata
1474,Thermomyces lanuginosus
1475,Thermoplasma acidophilum
1476,Thermoplasma volcanium
1477,Thermopolyspora flexuosa
1478,Thermoproteus tenax
1479,Thermoproteus uzoniensis
1480,Thermothelomyces thermophilus
1481,Thermotoga maritima
1482,Thermotoga neapolitana
1483,Thermotoga petrophila
1484,Thermovibrio ammonificans
1485,Thermus aquaticus
1486,Thermus brockianus
1487,Thermus caldophilus
1488,Thermus filiformis
1489,Thermus scotoductus
1490,Thermus sp.
1491,Thermus thermophilus
1492,Thioalkalivibrio nitratireducens
1493,Thioalkalivibrio paradoxus
1494,Thiobacillus denitrificans
1495,Thiobacillus sp.
1496,Thiobacillus thioparus
1497,Thiomonas intermedia
1498,Thuja plicata
1499,Todarodes pacificus
1500,Toxoplasma gondii
1501,Trametes cinnabarina
1502,Trametes hirsuta
1503,Trametes maxima
1504,Trametes ochracea
1505,Trametes sanguinea
1506,Trametes sp.
1507,Trametes versicolor
1508,Treponema denticola
1509,Treponema pallidum
1510,Tribolium castaneum
1511,Trichinella spiralis
1512,Trichoderma atroviride
1513,Trichoderma citrinoviride
1514,Trichoderma harzianum
1515,Trichoderma longibrachiatum
1516,Trichoderma reesei
1517,Trichoderma virens
1518,Trichoderma viride
1519,Trichomonas vaginalis
1520,Trichophyton rubrum
1521,Trichoplax adhaerens
1522,Trichoplusia ni
1523,Trichormus variabilis
1524,Trichosanthes kirilowii
1525,Trichosanthes sp.
1526,Trifolium repens
1527,Trimeresurus stejnegeri
1528,Triticum aestivum
1529,Tritrichomonas suis
1530,Tropaeolum majus
1531,Trypanosoma brucei
1532,Trypanosoma congolense
1533,Trypanosoma cruzi
1534,Trypanosoma rangeli
1535,Trypanosoma vivax
1536,Ulva pertusa
1537,Umbellularia californica
1538,uncultured archaeon
1539,uncultured bacterium
1540,uncultured microorganism
1541,uncultured organism
1542,unidentified influenza
1543,unidentified prokaryotic
1544,Ureaplasma parvum
1545,Ureaplasma urealyticum
1546,Urechis caupo
1547,Ureibacillus thermosphaericus
1548,Urtica dioica
1549,Ustilago maydis
1550,Ustilago sphaerogena
1551,Vaccinia virus
1552,Vanderwaltozyma polyspora
1553,Variola virus
1554,Variovorax sp.
1555,Vespa basalis
1556,Vespula vulgaris
1557,Vibrio alginolyticus
1558,Vibrio anguillarum
1559,Vibrio cholerae
1560,Vibrio harveyi
1561,Vibrio parahaemolyticus
1562,Vibrio proteolyticus
1563,Vibrio sp.
1564,Vibrio splendidus
1565,Vibrio vulnificus
1566,Vigna radiata
1567,Vigna unguiculata
1568,Vipera ammodytes
1569,Vipera berus
1570,Virgibacillus halodenitrificans
1571,Virgibacillus pantothenticus
1572,Virgibacillus salexigens
1573,Viscum album
1574,Vitis vinifera
1575,Weissella cibaria
1576,Weissella paramesenteroides
1577,Weissella viridescens
1578,Wesselsbron virus
1579,West Nile
1580,Wolinella succinogenes
1581,Wuchereria bancrofti
1582,Xanthobacter autotrophicus
1583,Xanthomonas albilineans
1584,Xanthomonas campestris
1585,Xanthomonas citri
1586,Xanthomonas oryzae
1587,Xenopus laevis
1588,Xenopus tropicalis
1589,Xenorhabdus bovienii
1590,Xiphophorus maculatus
1591,Xylella fastidiosa
1592,Yarrowia lipolytica
1593,Yellow fever
1594,Yersinia enterocolitica
1595,Yersinia kristensenii
1596,Yersinia pestis
1597,Yersinia pseudotuberculosis
1598,Yokose virus
1599,Zea mays
1600,Zika virus
1601,Zingiber officinale
1602,Zobellia galactanivorans
1603,Zoogloea ramigera
1604,Zymobacter palmae
1605,Zymomonas mobilis
